link,timestamp
https://www.facebook.com/groups/456024800524551/user/100080716673577/,2025-07-16 16:44:12.834083
https://www.facebook.com/groups/456024800524551/user/100027991335790/,2025-07-16 16:44:12.834083
https://www.facebook.com/groups/456024800524551/user/100080313840478/,2025-07-16 16:44:12.834083
https://www.facebook.com/groups/456024800524551/user/100006036078858/,2025-07-16 16:44:12.834083
https://www.facebook.com/groups/456024800524551/user/61559172437572/,2025-07-16 16:44:12.834083
https://www.facebook.com/groups/456024800524551/user/100085499371763/,2025-07-16 16:44:12.834083
https://www.facebook.com/groups/456024800524551/user/100073482480378/,2025-07-16 16:44:12.834083
https://www.facebook.com/groups/456024800524551/user/100012990735257/,2025-07-16 16:44:12.834083
https://www.facebook.com/groups/456024800524551/user/100068283039061/,2025-07-16 16:44:12.834083
https://www.facebook.com/groups/456024800524551/user/61573501406441/,2025-07-16 16:44:12.834083
https://www.facebook.com/groups/456024800524551/user/1172298199/,2025-07-16 16:44:12.834083
https://www.facebook.com/groups/456024800524551/user/100090002330421/,2025-07-16 16:44:12.834083
https://www.facebook.com/groups/456024800524551/user/100026654611576/,2025-07-16 16:44:12.834083
https://www.facebook.com/groups/456024800524551/user/100049705448736/,2025-07-16 16:44:12.834083
https://www.facebook.com/groups/456024800524551/user/100025667418627/,2025-07-16 16:44:12.834083
https://www.facebook.com/groups/456024800524551/user/61564084444290/,2025-07-16 16:44:12.834083
https://www.facebook.com/groups/456024800524551/user/100086102836427/,2025-07-16 16:44:12.834083
https://www.facebook.com/groups/456024800524551/user/100086196072557/,2025-07-16 16:44:12.834083
https://www.facebook.com/groups/456024800524551/user/100008347961362/,2025-07-16 16:44:12.834083
https://www.facebook.com/groups/456024800524551/user/100074869988217/,2025-07-16 16:44:12.834083
https://www.facebook.com/groups/456024800524551/user/100008086667948/,2025-07-16 16:44:12.834083
https://www.facebook.com/groups/456024800524551/user/100014424034836/,2025-07-16 16:44:12.834083
https://www.facebook.com/groups/456024800524551/user/100000969346575/,2025-07-16 16:44:12.834083
https://www.facebook.com/groups/456024800524551/user/61577808362879/,2025-07-16 16:44:12.834083
https://www.facebook.com/groups/456024800524551/user/100086764350329/,2025-07-16 16:44:12.834083
https://www.facebook.com/groups/456024800524551/user/100002073630203/,2025-07-16 16:44:12.834083
https://www.facebook.com/groups/456024800524551/user/100010910011649/,2025-07-16 16:44:12.834083
https://www.facebook.com/groups/456024800524551/user/100012407102354/,2025-07-16 16:44:12.834083
https://www.facebook.com/groups/456024800524551/user/100031726662805/,2025-07-16 16:44:12.834083
https://www.facebook.com/groups/456024800524551/user/100003955160800/,2025-07-16 16:44:12.834083
https://www.facebook.com/groups/456024800524551/user/100001534650801/,2025-07-16 16:44:12.834083
https://www.facebook.com/groups/456024800524551/user/100020592074046/,2025-07-16 16:44:12.834083
https://www.facebook.com/groups/456024800524551/user/100015865710704/,2025-07-16 16:44:12.834083
https://www.facebook.com/groups/456024800524551/user/100011390018566/,2025-07-16 16:44:12.834083
https://www.facebook.com/groups/456024800524551/user/100012733500825/,2025-07-16 16:44:12.834083
https://www.facebook.com/groups/456024800524551/user/100080451432962/,2025-07-16 16:44:12.834083
https://www.facebook.com/groups/456024800524551/user/100005857840133/,2025-07-16 16:44:12.834083
https://www.facebook.com/groups/456024800524551/user/100086586677259/,2025-07-16 16:44:12.834083
https://www.facebook.com/groups/456024800524551/user/100048789193948/,2025-07-16 16:44:12.834083
https://www.facebook.com/groups/456024800524551/user/100027476570296/,2025-07-16 16:44:12.834083
https://www.facebook.com/groups/456024800524551/user/100038222918886/,2025-07-16 16:44:12.834083
https://www.facebook.com/groups/456024800524551/user/100008367432358/,2025-07-16 16:44:12.834083
https://www.facebook.com/groups/456024800524551/user/61562669279875/,2025-07-16 16:44:12.834083
https://www.facebook.com/groups/456024800524551/user/100059525486375/,2025-07-16 16:44:12.834083
https://www.facebook.com/groups/456024800524551/user/100032063197657/,2025-07-16 16:44:12.834083
https://www.facebook.com/groups/456024800524551/user/100041576692279/,2025-07-16 16:44:12.834083
https://www.facebook.com/groups/456024800524551/user/100007828088535/,2025-07-16 16:44:12.834083
https://www.facebook.com/groups/456024800524551/user/100065706557077/,2025-07-16 16:44:12.834083
https://www.facebook.com/groups/456024800524551/user/100074348792977/,2025-07-16 16:44:12.834083
https://www.facebook.com/groups/456024800524551/user/100036165001691/,2025-07-16 16:44:12.834083
https://www.facebook.com/groups/456024800524551/user/100006754652975/,2025-07-16 16:44:12.834083
https://www.facebook.com/groups/456024800524551/user/100003475781728/,2025-07-16 16:44:12.834083
https://www.facebook.com/groups/456024800524551/user/100023603020051/,2025-07-16 16:44:12.834083
https://www.facebook.com/groups/456024800524551/user/100041997491385/,2025-07-16 16:44:12.834083
https://www.facebook.com/groups/456024800524551/user/61562966656473/,2025-07-16 16:44:12.834083
https://www.facebook.com/groups/456024800524551/user/100089460064821/,2025-07-16 16:44:12.834083
https://www.facebook.com/groups/456024800524551/user/61566666810168/,2025-07-16 16:44:12.834083
https://www.facebook.com/groups/456024800524551/user/100081670347768/,2025-07-16 16:44:12.834083
https://www.facebook.com/groups/456024800524551/user/100006236627242/,2025-07-16 16:44:12.834083
https://www.facebook.com/groups/456024800524551/user/100027319847315/,2025-07-16 16:44:12.834083
https://www.facebook.com/groups/456024800524551/user/61574808419128/,2025-07-16 16:44:12.834083
https://www.facebook.com/groups/456024800524551/user/61575646109276/,2025-07-16 16:44:12.834083
https://www.facebook.com/groups/456024800524551/user/100007199163379/,2025-07-16 16:44:12.834083
https://www.facebook.com/groups/456024800524551/user/100066585435531/,2025-07-16 16:44:12.834083
https://www.facebook.com/groups/456024800524551/user/100028825239141/,2025-07-16 16:44:12.834083
https://www.facebook.com/groups/456024800524551/user/100013952948702/,2025-07-16 16:44:12.834083
https://www.facebook.com/groups/456024800524551/user/61557167911354/,2025-07-16 16:44:12.834083
https://www.facebook.com/groups/456024800524551/user/100001257496101/,2025-07-16 16:44:12.834083
https://www.facebook.com/groups/456024800524551/user/61558768215762/,2025-07-16 16:44:12.834083
https://www.facebook.com/groups/456024800524551/user/61550649098873/,2025-07-16 16:44:12.834083
https://www.facebook.com/groups/456024800524551/user/100002115175907/,2025-07-16 16:44:12.834083
https://www.facebook.com/groups/456024800524551/user/100009859660137/,2025-07-16 16:44:12.834083
https://www.facebook.com/groups/456024800524551/user/100009511311496/,2025-07-16 16:44:12.834083
https://www.facebook.com/groups/456024800524551/user/100010686908616/,2025-07-16 16:44:12.834083
https://www.facebook.com/groups/456024800524551/user/61576698440798/,2025-07-16 16:44:12.834083
https://www.facebook.com/groups/456024800524551/user/100010212369572/,2025-07-16 16:44:12.834083
https://www.facebook.com/groups/456024800524551/user/100024564424520/,2025-07-16 16:44:12.834083
https://www.facebook.com/groups/456024800524551/user/100039330632992/,2025-07-16 16:44:12.834083
https://www.facebook.com/groups/456024800524551/user/100008232215139/,2025-07-16 16:44:12.834083
https://www.facebook.com/groups/456024800524551/user/100020646518688/,2025-07-16 16:44:12.834083
https://www.facebook.com/groups/456024800524551/user/100028381962538/,2025-07-16 16:44:12.834083
https://www.facebook.com/groups/456024800524551/user/100002530445445/,2025-07-16 16:44:12.834083
https://www.facebook.com/groups/456024800524551/user/100007031730026/,2025-07-16 16:44:12.834083
https://www.facebook.com/groups/456024800524551/user/61560048856191/,2025-07-16 16:44:12.834083
https://www.facebook.com/groups/456024800524551/user/100012238362773/,2025-07-16 16:44:12.834083
https://www.facebook.com/groups/456024800524551/user/100015335556680/,2025-07-16 16:44:12.834083
https://www.facebook.com/groups/456024800524551/user/61572312699716/,2025-07-16 16:44:12.834083
https://www.facebook.com/groups/456024800524551/user/100003849007613/,2025-07-16 16:44:12.834083
https://www.facebook.com/groups/456024800524551/user/100010448056903/,2025-07-16 16:44:12.834083
https://www.facebook.com/groups/456024800524551/user/100095051920690/,2025-07-16 16:44:12.834083
https://www.facebook.com/groups/456024800524551/user/100009915994650/,2025-07-16 16:44:12.834083
https://www.facebook.com/groups/456024800524551/user/100000165160278/,2025-07-16 16:44:12.834083
https://www.facebook.com/groups/456024800524551/user/100001588381470/,2025-07-16 16:44:12.834083
https://www.facebook.com/groups/456024800524551/user/100054518199870/,2025-07-16 16:44:12.834083
https://www.facebook.com/groups/456024800524551/user/100013193224038/,2025-07-16 16:44:12.834083
https://www.facebook.com/groups/456024800524551/user/100011369955285/,2025-07-16 16:44:12.834083
https://www.facebook.com/groups/456024800524551/user/100054187157318/,2025-07-16 16:44:12.834083
https://www.facebook.com/groups/456024800524551/user/100076525063054/,2025-07-16 16:44:12.834083
https://www.facebook.com/groups/456024800524551/user/100081122284451/,2025-07-16 16:44:12.834083
https://www.facebook.com/groups/456024800524551/user/61576630371610/,2025-07-16 16:44:12.834083
https://www.facebook.com/groups/456024800524551/user/100005100855516/,2025-07-16 16:44:12.834083
https://www.facebook.com/groups/456024800524551/user/100008762681383/,2025-07-16 16:44:12.834083
https://www.facebook.com/groups/456024800524551/user/61567496471382/,2025-07-16 16:44:12.834083
https://www.facebook.com/groups/456024800524551/user/100000353643611/,2025-07-16 16:44:12.834083
https://www.facebook.com/groups/456024800524551/user/100069280286514/,2025-07-16 16:44:12.834083
https://www.facebook.com/groups/456024800524551/user/100011101249152/,2025-07-16 16:44:12.834083
https://www.facebook.com/groups/456024800524551/user/100002025034841/,2025-07-16 16:44:12.834083
https://www.facebook.com/groups/456024800524551/user/100044204088370/,2025-07-16 16:44:12.834083
https://www.facebook.com/groups/456024800524551/user/100010436139115/,2025-07-16 16:44:12.834083
https://www.facebook.com/groups/456024800524551/user/100005702956188/,2025-07-16 16:44:12.834083
https://www.facebook.com/groups/456024800524551/user/100009823595517/,2025-07-16 16:44:12.834083
https://www.facebook.com/groups/456024800524551/user/61577145725482/,2025-07-16 16:44:12.834083
https://www.facebook.com/groups/456024800524551/user/100072172265110/,2025-07-16 16:44:12.834083
https://www.facebook.com/groups/456024800524551/user/100070214755598/,2025-07-16 16:44:12.834083
https://www.facebook.com/groups/456024800524551/user/100093067045293/,2025-07-16 16:44:12.834083
https://www.facebook.com/groups/456024800524551/user/100009571688429/,2025-07-16 16:44:12.834083
https://www.facebook.com/groups/456024800524551/user/100045243095143/,2025-07-16 16:44:12.834083
https://www.facebook.com/groups/456024800524551/user/100016879967039/,2025-07-16 16:44:12.834083
https://www.facebook.com/groups/456024800524551/user/100081157494207/,2025-07-16 16:44:12.834083
https://www.facebook.com/groups/456024800524551/user/61564068690519/,2025-07-16 16:44:12.834083
https://www.facebook.com/groups/456024800524551/user/100004910854626/,2025-07-16 16:44:12.834083
https://www.facebook.com/groups/456024800524551/user/61577807426036/,2025-07-16 16:44:12.834083
https://www.facebook.com/groups/456024800524551/user/100065078522873/,2025-07-16 16:44:12.834083
https://www.facebook.com/groups/456024800524551/user/100006605317536/,2025-07-16 16:44:12.834083
https://www.facebook.com/groups/456024800524551/user/100015067662633/,2025-07-16 16:44:12.834083
https://www.facebook.com/groups/456024800524551/user/100047451039001/,2025-07-16 16:44:12.834083
https://www.facebook.com/groups/456024800524551/user/100060041206558/,2025-07-16 16:44:12.834083
https://www.facebook.com/groups/456024800524551/user/100093483395235/,2025-07-16 16:44:12.834083
https://www.facebook.com/groups/456024800524551/user/61553015940006/,2025-07-16 16:44:12.834083
https://www.facebook.com/groups/456024800524551/user/100013159274541/,2025-07-16 16:44:12.834083
https://www.facebook.com/groups/456024800524551/user/100007455872668/,2025-07-16 16:44:12.834083
https://www.facebook.com/groups/456024800524551/user/100028080783993/,2025-07-16 16:44:12.834083
https://www.facebook.com/groups/456024800524551/user/100071840569818/,2025-07-16 16:44:12.834083
https://www.facebook.com/groups/456024800524551/user/100076462073582/,2025-07-16 16:44:12.834083
https://www.facebook.com/groups/456024800524551/user/100014841887543/,2025-07-16 16:44:12.834083
https://www.facebook.com/groups/456024800524551/user/61575574859196/,2025-07-16 16:44:12.834083
https://www.facebook.com/groups/456024800524551/user/61564606113723/,2025-07-16 16:44:12.834083
https://www.facebook.com/groups/456024800524551/user/100012037710696/,2025-07-16 16:44:12.834083
https://www.facebook.com/groups/456024800524551/user/100088672247742/,2025-07-16 16:44:12.834083
https://www.facebook.com/groups/456024800524551/user/100023587666944/,2025-07-16 16:44:12.834083
https://www.facebook.com/groups/456024800524551/user/100001780788750/,2025-07-16 16:44:12.834083
https://www.facebook.com/groups/456024800524551/user/100004772200761/,2025-07-16 16:44:12.834083
https://www.facebook.com/groups/456024800524551/user/100012290973561/,2025-07-16 16:44:12.834083
https://www.facebook.com/groups/456024800524551/user/61557514035422/,2025-07-16 16:44:12.834083
https://www.facebook.com/groups/456024800524551/user/100060715070801/,2025-07-16 16:44:12.834083
https://www.facebook.com/groups/456024800524551/user/100048790510115/,2025-07-16 16:44:12.834083
https://www.facebook.com/groups/456024800524551/user/100069580731300/,2025-07-16 16:44:12.834083
https://www.facebook.com/groups/456024800524551/user/61552723924619/,2025-07-16 16:44:12.834083
https://www.facebook.com/groups/456024800524551/user/100010461881583/,2025-07-16 16:44:12.834083
https://www.facebook.com/groups/456024800524551/user/61569467681737/,2025-07-16 16:44:12.834083
https://www.facebook.com/groups/456024800524551/user/61559440050683/,2025-07-16 16:44:12.834083
https://www.facebook.com/groups/456024800524551/user/100004566131157/,2025-07-16 16:44:12.834083
https://www.facebook.com/groups/456024800524551/user/100025691734391/,2025-07-16 16:44:12.834083
https://www.facebook.com/groups/456024800524551/user/61555897411537/,2025-07-16 16:44:12.834083
https://www.facebook.com/groups/456024800524551/user/100000933666131/,2025-07-16 16:44:12.834083
https://www.facebook.com/groups/456024800524551/user/100014470203682/,2025-07-16 16:44:12.834083
https://www.facebook.com/groups/456024800524551/user/100051716873223/,2025-07-16 16:44:12.834083
https://www.facebook.com/groups/456024800524551/user/61557001901158/,2025-07-16 16:44:12.834083
https://www.facebook.com/groups/456024800524551/user/61575537572668/,2025-07-16 16:44:12.834083
https://www.facebook.com/groups/456024800524551/user/61570029735045/,2025-07-16 16:44:12.834083
https://www.facebook.com/groups/456024800524551/user/100050697810226/,2025-07-16 16:44:12.834083
https://www.facebook.com/groups/456024800524551/user/100055902577122/,2025-07-16 16:44:12.834083
https://www.facebook.com/groups/456024800524551/user/100005255345082/,2025-07-16 16:44:12.834083
https://www.facebook.com/groups/456024800524551/user/100022011426546/,2025-07-16 16:44:12.834083
https://www.facebook.com/groups/456024800524551/user/61561073225349/,2025-07-16 16:44:12.834083
https://www.facebook.com/groups/456024800524551/user/1669964827/,2025-07-16 16:44:12.834083
https://www.facebook.com/groups/456024800524551/user/61576646685005/,2025-07-16 16:44:12.834083
https://www.facebook.com/groups/456024800524551/user/100017036350316/,2025-07-16 16:44:12.834083
https://www.facebook.com/groups/456024800524551/user/100000818445048/,2025-07-16 16:44:12.834083
https://www.facebook.com/groups/456024800524551/user/100010164345558/,2025-07-16 16:44:12.834083
https://www.facebook.com/groups/456024800524551/user/100055242790014/,2025-07-16 16:44:12.834083
https://www.facebook.com/groups/456024800524551/user/100001604027099/,2025-07-16 16:44:12.834083
https://www.facebook.com/groups/456024800524551/user/100004769688047/,2025-07-16 16:44:12.834083
https://www.facebook.com/groups/456024800524551/user/100062483679224/,2025-07-16 16:44:12.834083
https://www.facebook.com/groups/456024800524551/user/100002838960300/,2025-07-16 16:44:12.834083
https://www.facebook.com/groups/456024800524551/user/100051919044242/,2025-07-16 16:44:12.834083
https://www.facebook.com/groups/456024800524551/user/100009514424180/,2025-07-16 16:44:12.834083
https://www.facebook.com/groups/456024800524551/user/100051685240481/,2025-07-16 16:44:12.834083
https://www.facebook.com/groups/456024800524551/user/100063278490022/,2025-07-16 16:44:12.834083
https://www.facebook.com/groups/456024800524551/user/100012732106612/,2025-07-16 16:44:12.834083
https://www.facebook.com/groups/456024800524551/user/100042337200464/,2025-07-16 16:44:12.834083
https://www.facebook.com/groups/456024800524551/user/100006370278406/,2025-07-16 16:44:12.834083
https://www.facebook.com/groups/456024800524551/user/61575638309880/,2025-07-16 16:44:12.834083
https://www.facebook.com/groups/456024800524551/user/100025822039460/,2025-07-16 16:44:12.834083
https://www.facebook.com/groups/456024800524551/user/100084854059469/,2025-07-16 16:44:12.834083
https://www.facebook.com/groups/456024800524551/user/100014099262787/,2025-07-16 16:44:12.834083
https://www.facebook.com/groups/456024800524551/user/100005177910434/,2025-07-16 16:44:12.834083
https://www.facebook.com/groups/456024800524551/user/100082879706874/,2025-07-16 16:44:12.834083
https://www.facebook.com/groups/456024800524551/user/100035653171674/,2025-07-16 16:44:12.834083
https://www.facebook.com/groups/456024800524551/user/100007260046717/,2025-07-16 16:44:12.834083
https://www.facebook.com/groups/456024800524551/user/100008293129405/,2025-07-16 16:44:12.834083
https://www.facebook.com/groups/456024800524551/user/100058903994396/,2025-07-16 16:44:12.834083
https://www.facebook.com/groups/456024800524551/user/100004654713330/,2025-07-16 16:44:12.834083
https://www.facebook.com/groups/456024800524551/user/100005256601685/,2025-07-16 16:44:12.834083
https://www.facebook.com/groups/456024800524551/user/100067159136140/,2025-07-16 16:44:12.834083
https://www.facebook.com/groups/456024800524551/user/61575794130436/,2025-07-16 16:44:12.834083
https://www.facebook.com/groups/456024800524551/user/61575978322148/,2025-07-16 16:44:12.834083
https://www.facebook.com/groups/456024800524551/user/100010903359910/,2025-07-16 16:44:12.834083
https://www.facebook.com/groups/456024800524551/user/100008413065172/,2025-07-16 16:44:12.834083
https://www.facebook.com/groups/456024800524551/user/61577357951995/,2025-07-16 16:44:12.834083
https://www.facebook.com/groups/456024800524551/user/100089229265298/,2025-07-16 16:44:12.834083
https://www.facebook.com/groups/456024800524551/user/100067821035919/,2025-07-16 16:44:12.834083
https://www.facebook.com/groups/456024800524551/user/100006961810764/,2025-07-16 16:44:12.834083
https://www.facebook.com/groups/456024800524551/user/100001455737398/,2025-07-16 16:44:12.834083
https://www.facebook.com/groups/456024800524551/user/61577643286712/,2025-07-16 16:44:12.834083
https://www.facebook.com/groups/456024800524551/user/100005442917555/,2025-07-16 16:44:12.834083
https://www.facebook.com/groups/456024800524551/user/61560584101320/,2025-07-16 16:44:12.834083
https://www.facebook.com/groups/456024800524551/user/61577127365477/,2025-07-16 16:44:12.834083
https://www.facebook.com/groups/456024800524551/user/100040310253325/,2025-07-16 16:44:12.834083
https://www.facebook.com/groups/456024800524551/user/100014261327401/,2025-07-16 16:44:12.834083
https://www.facebook.com/groups/456024800524551/user/100024756636594/,2025-07-16 16:44:12.834083
https://www.facebook.com/groups/456024800524551/user/100010529684002/,2025-07-16 16:44:12.834083
https://www.facebook.com/groups/456024800524551/user/61571331320738/,2025-07-16 16:44:12.834083
https://www.facebook.com/groups/456024800524551/user/100002340447249/,2025-07-16 16:44:12.834083
https://www.facebook.com/groups/456024800524551/user/100004670235613/,2025-07-16 16:44:12.834083
https://www.facebook.com/groups/456024800524551/user/100000085141786/,2025-07-16 16:44:12.834083
https://www.facebook.com/groups/456024800524551/user/61559045043814/,2025-07-16 16:44:12.834083
https://www.facebook.com/groups/456024800524551/user/100004409525270/,2025-07-16 16:44:12.834083
https://www.facebook.com/groups/456024800524551/user/100065880046344/,2025-07-16 16:44:12.834083
https://www.facebook.com/groups/456024800524551/user/61567487751704/,2025-07-16 16:44:12.834083
https://www.facebook.com/groups/456024800524551/user/61565027325701/,2025-07-16 16:44:12.834083
https://www.facebook.com/groups/456024800524551/user/100011222044275/,2025-07-16 16:44:12.834083
https://www.facebook.com/groups/456024800524551/user/61576353333591/,2025-07-16 16:44:12.834083
https://www.facebook.com/groups/456024800524551/user/100001926857331/,2025-07-16 16:44:12.834083
https://www.facebook.com/groups/456024800524551/user/61557415135054/,2025-07-16 16:44:12.834083
https://www.facebook.com/groups/456024800524551/user/100015307060035/,2025-07-16 16:44:12.834083
https://www.facebook.com/groups/456024800524551/user/100095137501910/,2025-07-16 16:44:12.834083
https://www.facebook.com/groups/456024800524551/user/100069605648299/,2025-07-16 16:44:12.834083
https://www.facebook.com/groups/456024800524551/user/100008200303102/,2025-07-16 16:44:12.834083
https://www.facebook.com/groups/456024800524551/user/100014407459174/,2025-07-16 16:44:12.834083
https://www.facebook.com/groups/456024800524551/user/100005945107742/,2025-07-16 16:44:12.834083
https://www.facebook.com/groups/456024800524551/user/61567245097002/,2025-07-16 16:44:12.834083
https://www.facebook.com/groups/456024800524551/user/100005031875906/,2025-07-16 16:44:12.834083
https://www.facebook.com/groups/456024800524551/user/100035075168299/,2025-07-16 16:44:12.834083
https://www.facebook.com/groups/456024800524551/user/61572639454296/,2025-07-16 16:44:12.834083
https://www.facebook.com/groups/456024800524551/user/100003445100337/,2025-07-16 16:44:12.834083
https://www.facebook.com/groups/456024800524551/user/61566137903677/,2025-07-16 16:44:12.834083
https://www.facebook.com/groups/456024800524551/user/100041603602165/,2025-07-16 16:44:12.834083
https://www.facebook.com/groups/456024800524551/user/61577982773622/,2025-07-16 16:44:12.834083
https://www.facebook.com/groups/456024800524551/user/100024908083059/,2025-07-16 16:44:12.834083
https://www.facebook.com/groups/456024800524551/user/100032006202533/,2025-07-16 16:44:12.834083
https://www.facebook.com/groups/456024800524551/user/61556148032240/,2025-07-16 16:44:12.834083
https://www.facebook.com/groups/456024800524551/user/61572253443283/,2025-07-16 16:44:12.834083
https://www.facebook.com/groups/456024800524551/user/100091830031937/,2025-07-16 16:44:12.834083
https://www.facebook.com/groups/456024800524551/user/100007254585528/,2025-07-16 16:44:12.834083
https://www.facebook.com/groups/456024800524551/user/100031048141204/,2025-07-16 16:44:12.834083
https://www.facebook.com/groups/456024800524551/user/100002261500818/,2025-07-16 16:44:12.834083
https://www.facebook.com/groups/456024800524551/user/100094864605840/,2025-07-16 16:44:12.834083
https://www.facebook.com/groups/456024800524551/user/100015450767933/,2025-07-16 16:44:12.834083
https://www.facebook.com/groups/456024800524551/user/100088053566901/,2025-07-16 16:44:12.834083
https://www.facebook.com/groups/456024800524551/user/61577212618636/,2025-07-16 16:44:12.834083
